{
  "exportedAt": "2026-06-05T21:00:58.250Z",
  "tier": "simd",
  "results": [
    {
      "file": "P2200479 Hermannia boraginiflora.jpg",
      "jpegsizeKb": 1980,
      "jxlBytes": 1534969,
      "jxtcAvailable": false,
      "jxtcTranscodeMs": 1050.832,
      "jxtcExtractMs": null,
      "fullDecode": {
        "firstFrameMs": 478.9365,
        "finalMs": 987.3809999999999,
        "passes": 2,
        "w": 3200,
        "h": 2400
      },
      "previewDcDs2": {
        "finalMs": 582.625,
        "w": 1600,
        "h": 1200,
        "speedupVsFullFirstFrame": 0.82
      },
      "ds2Full": {
        "finalMs": 601.5596,
        "speedup": 1.64
      },
      "regionCenter50": {
        "finalMs": 438.4247999999998,
        "speedup": 2.25,
        "w": null,
        "h": null
      },
      "regionDs2": {
        "finalMs": 436.3404999999998,
        "speedup": 2.26,
        "w": null,
        "h": null
      }
    },
    {
      "file": "P2200478 .jpg",
      "jpegsizeKb": 1391,
      "jxlBytes": 1073950,
      "jxtcAvailable": false,
      "jxtcTranscodeMs": 545.0064999999995,
      "jxtcExtractMs": null,
      "fullDecode": {
        "firstFrameMs": 366.97450000000026,
        "finalMs": 746.3536999999997,
        "passes": 2,
        "w": 3200,
        "h": 2400
      },
      "previewDcDs2": {
        "finalMs": 448.4984999999997,
        "w": 1600,
        "h": 1200,
        "speedupVsFullFirstFrame": 0.82
      },
      "ds2Full": {
        "finalMs": 461.5007000000005,
        "speedup": 1.62
      },
      "regionCenter50": {
        "finalMs": 419.22250000000076,
        "speedup": 1.78,
        "w": null,
        "h": null
      },
      "regionDs2": {
        "finalMs": 413.34839999999986,
        "speedup": 1.81,
        "w": null,
        "h": null
      }
    },
    {
      "file": "P2200483.jpg",
      "jpegsizeKb": 1386,
      "jxlBytes": 1069437,
      "jxtcAvailable": false,
      "jxtcTranscodeMs": 487.5003999999999,
      "jxtcExtractMs": null,
      "fullDecode": {
        "firstFrameMs": 354.9997000000003,
        "finalMs": 736.3093000000008,
        "passes": 2,
        "w": 2400,
        "h": 3200
      },
      "previewDcDs2": {
        "finalMs": 459.0371000000014,
        "w": 1200,
        "h": 1600,
        "speedupVsFullFirstFrame": 0.77
      },
      "ds2Full": {
        "finalMs": 452.6309999999994,
        "speedup": 1.63
      },
      "regionCenter50": {
        "finalMs": 410.0539000000008,
        "speedup": 1.8,
        "w": null,
        "h": null
      },
      "regionDs2": {
        "finalMs": 470.122800000001,
        "speedup": 1.57,
        "w": null,
        "h": null
      }
    }
  ]
}