{
  "exportedAt": "2026-06-05T21:03:41.557Z",
  "tier": "simd",
  "results": [
    {
      "file": "P2200479 Hermannia boraginiflora.jpg",
      "jpegsizeKb": 1980,
      "jxlBytes": 1534969,
      "jxtcAvailable": false,
      "jxtcTranscodeMs": 1163.7854,
      "jxtcExtractMs": 15.212199999999939,
      "fullDecode": {
        "firstFrameMs": 492.29589999999985,
        "finalMs": 965.1942999999999,
        "passes": 2,
        "w": 3200,
        "h": 2400
      },
      "previewDcDs2": {
        "finalMs": 561.7762000000002,
        "w": 1600,
        "h": 1200,
        "speedupVsFullFirstFrame": 0.88
      },
      "ds2Full": {
        "finalMs": 519.0093999999999,
        "speedup": 1.86
      },
      "regionCenter50": {
        "finalMs": 478.75509999999986,
        "speedup": 2.02,
        "w": 1600,
        "h": 1200
      },
      "regionDs2": {
        "finalMs": 453.29970000000003,
        "speedup": 2.13,
        "w": 800,
        "h": 600
      }
    },
    {
      "file": "P2200478 .jpg",
      "jpegsizeKb": 1391,
      "jxlBytes": 1073950,
      "jxtcAvailable": false,
      "jxtcTranscodeMs": 528.7591999999995,
      "jxtcExtractMs": 11.200300000000425,
      "fullDecode": {
        "firstFrameMs": 343.65010000000075,
        "finalMs": 706.2918000000009,
        "passes": 2,
        "w": 3200,
        "h": 2400
      },
      "previewDcDs2": {
        "finalMs": 468.28759999999966,
        "w": 1600,
        "h": 1200,
        "speedupVsFullFirstFrame": 0.73
      },
      "ds2Full": {
        "finalMs": 440.1769999999997,
        "speedup": 1.6
      },
      "regionCenter50": {
        "finalMs": 432.6287999999995,
        "speedup": 1.63,
        "w": 1600,
        "h": 1200
      },
      "regionDs2": {
        "finalMs": 417.5729000000001,
        "speedup": 1.69,
        "w": 800,
        "h": 600
      }
    },
    {
      "file": "P2200483.jpg",
      "jpegsizeKb": 1386,
      "jxlBytes": 1069437,
      "jxtcAvailable": false,
      "jxtcTranscodeMs": 462.83410000000003,
      "jxtcExtractMs": 11.058500000000095,
      "fullDecode": {
        "firstFrameMs": 333.5568999999996,
        "finalMs": 722.6588000000002,
        "passes": 2,
        "w": 2400,
        "h": 3200
      },
      "previewDcDs2": {
        "finalMs": 446.53210000000036,
        "w": 1200,
        "h": 1600,
        "speedupVsFullFirstFrame": 0.75
      },
      "ds2Full": {
        "finalMs": 434.8181999999997,
        "speedup": 1.66
      },
      "regionCenter50": {
        "finalMs": 460.5784999999996,
        "speedup": 1.57,
        "w": 1200,
        "h": 1600
      },
      "regionDs2": {
        "finalMs": 398.8113000000012,
        "speedup": 1.81,
        "w": 600,
        "h": 800
      }
    }
  ]
}