{
  "tier": "simd",
  "effort": 4,
  "runs": 2,
  "sample": 2,
  "viewer_preset": {
    "modular": 1,
    "brotliEffort": 4
  },
  "mean_ms_delta_pct": 176.74843616158066,
  "mean_size_delta_pct": 14.163506406416072,
  "mean_speedup": 0.4011876347050333,
  "rows": [
    {
      "file": "ADH 1234.CR2",
      "width": 6000,
      "height": 4000,
      "baseline_ms": 17663.3806,
      "baseline_bytes": 1964695,
      "viewer_ms": 33477.0542,
      "viewer_bytes": 2206304,
      "ms_delta_pct": 89.52801254817551,
      "size_delta_pct": 12.297532186929779
    },
    {
      "file": "PXL_20260526_194439088.RAW-02.ORIGINAL.dng",
      "width": 3071,
      "height": 4080,
      "baseline_ms": 3884.0246000000116,
      "baseline_bytes": 1025080,
      "viewer_ms": 14136.640049999995,
      "viewer_bytes": 1189395,
      "ms_delta_pct": 263.9688597749858,
      "size_delta_pct": 16.029480625902366
    }
  ]
}